item_id,partition,db_id,question,sql,gemini_verdict,gpt5_verdict,consensus,gemini_explanation,gpt5_explanation,human_verdict,human_notes
=== CORRECT CONSENSUS (50 items) ===,,,,,,,,,,,
98,Dev,car_1,Find the model of the car whose weight is below the average weight.,SELECT T1.model FROM CAR_NAMES AS T1 JOIN CARS_DATA AS T2 ON T1.MakeId  =  T2.Id WHERE T2.Weight  <  (SELECT avg(Weight) FROM CARS_DATA),CORRECT,CORRECT,CORRECT,,,,
299,Dev,cre_Doc_Template_Mgt,Count the number of documents.,SELECT count(*) FROM Documents,CORRECT,CORRECT,CORRECT,,,,
316,Dev,cre_Doc_Template_Mgt,Show ids for all templates not used by any document.,SELECT template_id FROM Templates EXCEPT SELECT template_id FROM Documents,CORRECT,CORRECT,CORRECT,,,,
354,Dev,cre_Doc_Template_Mgt,What are the distinct template type descriptions for the templates ever used by any document?,SELECT DISTINCT T1.template_type_description FROM Ref_template_types AS T1 JOIN Templates AS T2 ON T1.template_type_code  = T2.template_type_code JOIN Documents AS T3 ON T2.Template_ID  =  T3.template_ID,CORRECT,CORRECT,CORRECT,,,,
378,Dev,cre_Doc_Template_Mgt,What is the document id with 1 to 2 paragraphs?,SELECT document_id FROM Paragraphs GROUP BY document_id HAVING count(*) BETWEEN 1 AND 2,CORRECT,CORRECT,CORRECT,,,,
39,Test,soccer_3,"Show the earnings of players from country ""Australia"" or ""Zimbabwe"".","SELECT Earnings FROM player WHERE Country  =  ""Australia"" OR Country  =  ""Zimbabwe""",CORRECT,CORRECT,CORRECT,,,,
124,Test,bbc_channels,How many different digital terrestrial channels are there?,SELECT count(DISTINCT Digital_terrestrial_channel) FROM channel,CORRECT,CORRECT,CORRECT,,,,
216,Test,online_exams,Please show the first names of the students that have at least two answer records.,SELECT T2.First_Name FROM Student_Answers AS T1 JOIN Students AS T2 ON T1.Student_ID  =  T2.Student_ID GROUP BY T1.Student_ID HAVING COUNT(*)  >=  2,CORRECT,CORRECT,CORRECT,,,,
300,Test,customers_and_orders,What is the order status code that is most common?,SELECT order_status_code FROM Customer_orders GROUP BY order_status_code ORDER BY count(*) DESC LIMIT 1,CORRECT,CORRECT,CORRECT,,,,
659,Test,club_leader,Show the nations that have both members older than 22 and members younger than 19.,SELECT Nationality FROM member WHERE Age  >  22 INTERSECT SELECT Nationality FROM member WHERE Age  <  19,CORRECT,CORRECT,CORRECT,,,,
887,Test,boat_1,How many sailors exist?,SELECT COUNT(*) FROM Sailors,CORRECT,CORRECT,CORRECT,,,,
939,Test,headphone_store,"Find the headphone classes that contain both headphones using ""Bowls"" earpads and headphones using ""Comfort Pads"" earpads.",SELECT CLASS FROM headphone WHERE earpads  =  'Bowls' INTERSECT SELECT CLASS FROM headphone WHERE earpads  =  'Comfort Pads',CORRECT,CORRECT,CORRECT,,,,
1480,Test,bike_racing,What are the distinct product names of bikes owned by cyclists from 'Russia' or cyclists from 'Great Britain'?,SELECT DISTINCT T3.product_name FROM cyclist AS T1 JOIN cyclists_own_bikes AS T2 ON T1.id  =  T2.cyclist_id JOIN bike AS T3 ON T2.bike_id  =  T3.id WHERE T1.nation  =  'Russia' OR T1.nation  =  'Great Britain',CORRECT,CORRECT,CORRECT,,,,
1667,Test,institution_sports,Return the total number of championships of institutions that have a Public affiliation.,"SELECT sum(T1.Number_of_Championships) FROM championship AS T1 JOIN institution AS T2 ON T1.Institution_ID  =  T2.Institution_ID WHERE T2.Affiliation  =  ""Public""",CORRECT,CORRECT,CORRECT,,,,
1700,Test,warehouse_1,Select all distinct contents in all the boxes.,SELECT DISTINCT CONTENTS FROM boxes,CORRECT,CORRECT,CORRECT,,,,
1721,Test,warehouse_1,"What are the codes and corresponding contents of all the boxes, ordered by their values?","SELECT code ,  CONTENTS FROM boxes ORDER BY value",CORRECT,CORRECT,CORRECT,,,,
1759,Test,warehouse_1,What is the total value of boxes contained in any location but Chicago?,SELECT sum(T1.value) FROM boxes AS T1 JOIN Warehouses AS T2 ON T1.warehouse  =  T2.code WHERE T2.location != 'Chicago',CORRECT,CORRECT,CORRECT,,,,
1891,Test,planet_1,What are the names and coordinates of all planets in alphabetical order by name?,"SELECT Name ,  Coordinates FROM Planet ORDER BY Name",CORRECT,CORRECT,CORRECT,,,,
2033,Test,cre_Doc_Workflow,"Show the next process id, process name, process description for process with id 9.","SELECT next_process_id ,  process_name ,  process_description FROM Business_processes WHERE process_id  =  9",CORRECT,CORRECT,CORRECT,,,,
247,Train,musical,"What are the names of musicals with nominee ""Bob Fosse""?","SELECT Name FROM musical WHERE Nominee  =  ""Bob Fosse""",CORRECT,CORRECT,CORRECT,,,,
282,Train,twitter_1,Find the name and email of the user whose name contains the word ‘Swift’.,"SELECT name ,  email FROM user_profiles WHERE name LIKE '%Swift%'",CORRECT,CORRECT,CORRECT,,,,
285,Train,twitter_1,Find the name and email of the users who have more than 1000 followers.,"SELECT name ,  email FROM user_profiles WHERE followers  >  1000",CORRECT,CORRECT,CORRECT,,,,
966,Train,medicine_enzyme_interaction,"What are the distinct name, location and products of the enzymes which has any 'inhibitor' interaction?","SELECT DISTINCT T1.name ,  T1.location ,  T1.product FROM enzyme AS T1 JOIN medicine_enzyme_interaction AS T2 ON T2.enzyme_id  =  T1.id WHERE T2.interaction_type  =  'inhibitor'",CORRECT,CORRECT,CORRECT,,,,
1001,Train,university_basketball,Return the total and minimum enrollments across all schools.,"SELECT sum(enrollment) ,  min(enrollment) FROM university",CORRECT,CORRECT,CORRECT,,,,
1935,Train,cinema,"Show name, opening year, and capacity for each cinema.","SELECT name ,  openning_year ,  capacity FROM cinema",CORRECT,CORRECT,CORRECT,,,,
1957,Train,cinema,Find the locations that have more than one movie theater with capacity above 300.,SELECT LOCATION FROM cinema WHERE capacity  >  300 GROUP BY LOCATION HAVING count(*)  >  1,CORRECT,CORRECT,CORRECT,,,,
1965,Train,products_for_hire,What is the id of the product that is booked for 3 times?,SELECT product_id FROM products_booked GROUP BY product_id HAVING count(*)  =  3,CORRECT,CORRECT,CORRECT,,,,
2283,Train,entrepreneur,Give the total money requested by entrepreneurs who are taller than 1.85.,SELECT sum(T1.Money_Requested) FROM entrepreneur AS T1 JOIN people AS T2 ON T1.People_ID  =  T2.People_ID WHERE T2.Height  >  1.85,CORRECT,CORRECT,CORRECT,,,,
2976,Train,sakila_1,Return the address of store 1.,SELECT T2.address FROM store AS T1 JOIN address AS T2 ON T1.address_id  =  T2.address_id WHERE store_id  =  1,CORRECT,CORRECT,CORRECT,,,,
3486,Train,hr_1,display the ID for those employees who did two or more jobs in the past.,SELECT employee_id FROM job_history GROUP BY employee_id HAVING COUNT(*)  >= 2,CORRECT,CORRECT,CORRECT,,,,
3491,Train,hr_1,What are the job ids corresponding to jobs with average salary above 8000?,SELECT job_id FROM employees GROUP BY job_id HAVING AVG(salary) > 8000,CORRECT,CORRECT,CORRECT,,,,
3743,Train,program_share,find the total percentage share of all channels owned by CCTV.,SELECT sum(Share_in_percent) FROM channel WHERE OWNER  =  'CCTV',CORRECT,CORRECT,CORRECT,,,,
4088,Train,student_1,"For each classroom, show the classroom number and find how many students are using it.","SELECT classroom ,  count(*) FROM list GROUP BY classroom",CORRECT,CORRECT,CORRECT,,,,
4099,Train,company_employee,What are the headquarters and industries of all companies?,"SELECT Headquarters ,  Industry FROM company",CORRECT,CORRECT,CORRECT,,,,
4220,Train,cre_Doc_Tracking_DB,Give me all the distinct location codes for documents.,SELECT DISTINCT location_code FROM Document_locations,CORRECT,CORRECT,CORRECT,,,,
4723,Train,department_store,Give the product id for the product that was ordered most frequently.,SELECT product_id FROM order_items GROUP BY product_id ORDER BY count(*) DESC LIMIT 1,CORRECT,CORRECT,CORRECT,,,,
4849,Train,local_govt_and_lot,What are the id and details of the customers who have at least 3 events?,"SELECT T1.customer_id ,  T1.customer_details FROM Customers AS T1 JOIN Customer_Events AS T2 ON T1.customer_id  =  T2.customer_id GROUP BY T1.customer_id HAVING count(*)  >=  3",CORRECT,CORRECT,CORRECT,,,,
5168,Train,cre_Drama_Workshop_Groups,"Check the invoices record and compute the average quantities ordered with the payment method ""MasterCard"".","SELECT avg(Order_Quantity) FROM Invoices WHERE payment_method_code  =  ""MasterCard""",CORRECT,CORRECT,CORRECT,,,,
5455,Train,voter_2,Find the first names of students with age above 22.,SELECT Fname FROM STUDENT WHERE Age  >  22,CORRECT,CORRECT,CORRECT,,,,
5504,Train,voter_2,Which advisors have more than two students?,SELECT Advisor FROM STUDENT GROUP BY Advisor HAVING COUNT(*)  >  2,CORRECT,CORRECT,CORRECT,,,,
5680,Train,dorm_1,How many dorms are in the database?,SELECT count(*) FROM dorm,CORRECT,CORRECT,CORRECT,,,,
5936,Train,cre_Theme_park,Show the average price of hotels for each star rating code.,"SELECT star_rating_code ,  avg(price_range) FROM HOTELS GROUP BY star_rating_code",CORRECT,CORRECT,CORRECT,,,,
5983,Train,game_1,Count the number of video games with Massively multiplayer online game type .,"SELECT count(*) FROM Video_games WHERE gtype  =  ""Massively multiplayer online game""",CORRECT,CORRECT,CORRECT,,,,
5991,Train,game_1,What are the ids of all students who live in CHI?,"SELECT StuID FROM Student WHERE city_code  =  ""CHI""",CORRECT,CORRECT,CORRECT,,,,
6205,Train,roller_coaster,List the names of roller coasters by ascending order of length.,SELECT Name FROM roller_coaster ORDER BY LENGTH ASC,CORRECT,CORRECT,CORRECT,,,,
6275,Train,city_record,Which city has hosted the most events?,SELECT T1.city FROM city AS T1 JOIN hosting_city AS T2 ON T1.city_id  =  T2.host_city GROUP BY T2.host_city ORDER BY count(*) DESC LIMIT 1,CORRECT,CORRECT,CORRECT,,,,
6731,Train,activity_1,"What are the phone, room, and building of the faculty member called Jerry Prince?","SELECT phone ,  room ,  building FROM Faculty WHERE Fname  =  ""Jerry"" AND Lname  =  ""Prince""",CORRECT,CORRECT,CORRECT,,,,
6768,Train,activity_1,How many activities do we have?,SELECT count(*) FROM Activity,CORRECT,CORRECT,CORRECT,,,,
7614,Train,scholar,Has mirella lapata written any papers in 2016 ?,"SELECT DISTINCT COUNT ( t3.paperid )  ,  t2.authorid FROM writes AS t2 JOIN author AS t1 ON t2.authorid  =  t1.authorid JOIN paper AS t3 ON t2.paperid  =  t3.paperid WHERE t1.authorname  =  ""mirella lapata"" AND t3.year  =  2016 GROUP BY t2.authorid;",CORRECT,CORRECT,CORRECT,,,,
8128,Train,scholar,Give me the papers written by Su-In Lee before 2012 .,"SELECT DISTINCT t3.paperid FROM writes AS t2 JOIN author AS t1 ON t2.authorid  =  t1.authorid JOIN paper AS t3 ON t2.paperid  =  t3.paperid WHERE t1.authorname  =  ""Su-In Lee"" AND t3.year  <  2012;",CORRECT,CORRECT,CORRECT,,,,
=== INCORRECT CONSENSUS (50 items) ===,,,,,,,,,,,
817,Dev,world_1,What is the language spoken by the largest percentage of people in each country?,"SELECT LANGUAGE ,  CountryCode ,  max(Percentage) FROM countrylanguage GROUP BY CountryCode",INCORRECT,INCORRECT,INCORRECT,"The query correctly finds the maximum percentage per country, but it selects an arbitrary language from the group. It does not guarantee that the language shown is the one corresponding to the maximum percentage.","LANGUAGE is not linked to the max(Percentage) per CountryCode; returns arbitrary language. Also returns only one row per country, missing ties. Must filter rows where Percentage equals per-country max.",,
943,Dev,dog_kennels,Which professionals have done at least two types of treatments? List the professional id and cell phone.,"SELECT T1.professional_id ,  T1.cell_number FROM Professionals AS T1 JOIN Treatments AS T2 ON T1.professional_id  =  T2.professional_id GROUP BY T1.professional_id HAVING count(*)  >=  2",INCORRECT,INCORRECT,INCORRECT,"The query counts the total number of treatments for each professional, not the number of distinct treatment types. It should use COUNT(DISTINCT T2.treatment_type_code) >= 2 in the HAVING clause.","Counts total treatments per professional, not distinct treatment types. Should use COUNT(DISTINCT T2.treatment_type_code) >= 2 to match “at least two types of treatments.”",,
989,Dev,dog_kennels,What is the age of the oldest dog?,SELECT max(age) FROM Dogs,INCORRECT,INCORRECT,INCORRECT,"The `age` column is a VARCHAR. Applying max() performs a lexicographical comparison (e.g., '9' > '10'), not a numerical one. The age column must be cast to a numeric type to get the correct maximum age.","age is stored as VARCHAR; MAX(age) does lexicographic compare (e.g., '9' > '10'). Cast to numeric: SELECT MAX(CAST(age AS REAL)) FROM Dogs.",,
388,Test,government_shift,List the details of all the customers who are associated with a failed integration platform .,"select distinct t1.customer_details from customers as t1 join customer_interactions as t2 on t1.customer_id  =  t2.customer_id join integration_platform as t3 where t3.integration_platform_details  =  ""fail""",INCORRECT,INCORRECT,INCORRECT,"The query is missing the JOIN condition between the 'customer_interactions' and 'integration_platform' tables. This results in a cross join, failing to correctly link customers to their specific failed interactions.","Missing join between Integration_Platform and Customer_Interactions on Customer_Interaction_ID, causing a cross product. Also filter should match value 'Fail' (case-sensitive).",,
708,Test,cre_Doc_and_collections,List all owner of documents that is related to documents owned by Braeden.,SELECT DISTINCT OWNER FROM Document_Subset_Members AS T1 JOIN Document_Objects AS T2 ON T1.Related_Document_Object_ID  =  T2.Document_Object_ID WHERE T2.Owner  =  'Braeden';,INCORRECT,INCORRECT,INCORRECT,"The query correctly identifies documents owned by Braeden that are part of a relationship, but it selects the owner of those same documents ('Braeden'). It fails to find the owner of the other document in the relationship, which is what the question asks for.","Returns the owner of Braeden's documents (T2.Owner) instead of the owners of the other related documents. Should join to T1.Document_Object_ID to get those owners, and possibly handle both relation directions.",,
728,Test,cre_Doc_and_collections,"Which collection have most number of documents? List collection name, id and number of documents.","SELECT T1.Collection_Name ,  T1.Collection_ID ,  count(*) FROM Collections AS T1 JOIN Documents_in_Collections AS T2 ON T1.Collection_ID = T2.Collection_ID WHERE T1.Collection_Name = ""Best"" GROUP BY T1.Collection_ID ORDER BY count(*) DESC LIMIT 1;",INCORRECT,INCORRECT,INCORRECT,"The query incorrectly filters for collections with the name 'Best' using a WHERE clause. The question asks to find the collection with the most documents among all collections, not just a specific one.","Adds an unrelated filter WHERE Collection_Name = 'Best', restricting results to one name. The query should consider all collections to find the one with the most documents.",,
737,Test,cre_Doc_and_collections,What are the names of the collections that are related to the collection named Best?,"SELECT DISTINCT T4.Collection_Name FROM Collection_Subset_Members AS T1 JOIN Collection_Subset_Members AS T2 ON T1.Related_Collection_ID = T2.Collection_ID JOIN Collections AS T3 ON T1.Collection_ID = T3.Collection_ID JOIN Collections AS T4 ON T2.Collection_ID = T4.Collection_ID WHERE T3.Collection_Name = ""Best"";",INCORRECT,INCORRECT,INCORRECT,"The query incorrectly self-joins the `Collection_Subset_Members` table. This wrongly requires that any collection related to 'Best' must also be a source collection in another relationship, a condition not stated in the question.",Unnecessary self-join filters out some related collections and only handles rows where 'Best' is Collection_ID. It misses cases where 'Best' is in Related_Collection_ID. Should join to related side or union both directions.,,
856,Test,boat_1,Return the unique names of sailors who are older than any sailors whose rating is larger than 7.,SELECT DISTINCT name FROM Sailors WHERE age  >  (SELECT min(age) FROM Sailors WHERE rating  >  7);,INCORRECT,INCORRECT,INCORRECT,The phrase 'older than any sailors' implies being older than at least one sailor in the group. The query should use `> MIN(age)`. The current query uses `> (SELECT age ...)` which is incorrect as the subquery can return multiple rows.,"Uses MIN(age) instead of MAX(age); it selects sailors older than the youngest with rating>7, not older than all such sailors. Should use age > (SELECT MAX(age) ...) or a > ALL subquery.",,
879,Test,boat_1,"What are the sailors' names, the ones whose rating is higher than any sailor named Luis?",SELECT name FROM Sailors WHERE rating  >  (SELECT min(rating) FROM Sailors WHERE name  =  'Luis'),INCORRECT,INCORRECT,INCORRECT,The query finds sailors with a rating greater than the minimum rating of a 'Luis'. The phrase 'higher than any sailor named Luis' requires the rating to be greater than the maximum rating among all sailors named 'Luis'.,"Wrong aggregation: compares to MIN(rating) of Luis. For “higher than any Luis,” it should compare to MAX(rating) (or use > ALL). Current query allows ratings below some Luis’ rating.",,
1230,Test,art_1,What is the painting count of the artist with the longest life ?,select count(*) from artists as t1 join paintings as t2 on t1.artistid  =  t2.painterid group by t2.painterid order by t1.deathyear - t1.birthyear desc limit 1,INCORRECT,INCORRECT,INCORRECT,"The query finds the painting count for the longest-lived artist who has at least one painting. Due to the INNER JOIN, it will not consider artists who have no paintings, even if they lived the longest.","Uses inner join, so artists with zero paintings are excluded. If the longest-lived artist has no paintings, result is wrong (should be 0). Use LEFT JOIN and order by lifespan across all artists.",,
1296,Test,art_1,When did each artist who created less than 4 paintings die ?,select t1.deathyear from artists as t1 join paintings as t2 on t1.artistid  =  t2.painterid group by t2.painterid having count(*)  <  4,INCORRECT,INCORRECT,INCORRECT,"The query uses an INNER JOIN, which excludes artists who have created zero paintings. The condition 'less than 4 paintings' should include artists with 0, 1, 2, or 3 paintings.","Inner join drops artists with 0 paintings; question includes <4 (0–3). Use LEFT JOIN and group by artist, HAVING COUNT(t2.paintingID) < 4 to include zero-painting artists.",,
1469,Test,real_estate_rentals,List the last names and ids of users who have at least 2 properties and searched at most twice.,"SELECT T1.last_name ,  T1.user_id FROM Users AS T1 JOIN User_Searches AS T2 ON T1.user_id  =  T2.user_id GROUP BY T1.user_id HAVING count(*)  <=  2 INTERSECT SELECT T3.last_name ,  T3.user_id FROM Users AS T3 JOIN Properties AS T4 ON T3.user_id  =  T4.owner_user_id GROUP BY T3.user_id HAVING count(*)  >=  2;",INCORRECT,INCORRECT,INCORRECT,"The query uses an INNER JOIN to count user searches, which incorrectly excludes users with zero searches. The condition 'at most twice' should include users with 0, 1, or 2 searches.","Uses INNER JOIN to User_Searches, excluding users with 0 searches. “At most twice” should include 0,1,2. Should use LEFT JOIN and count(User_Searches rows) <= 2.",,
1551,Test,bakery_1,Give the ids of Cookies or Cakes that cost between 3 and 7 dollars.,"SELECT id FROM goods WHERE food  =  ""Cookie"" OR food  =  ""Cake"" AND price BETWEEN 3 AND 7",INCORRECT,INCORRECT,INCORRECT,"The WHERE clause is logically incorrect due to operator precedence. The query returns all cookies regardless of price, plus cakes priced between 3 and 7. The `OR` conditions for food type should be grouped with parentheses.",Operator precedence makes it select all Cookies regardless of price. Need parentheses so price filter applies to both: (food='Cookie' OR food='Cake') AND price BETWEEN 3 AND 7.,,
1994,Test,book_press,Find the titles and publish dates of the top 5 best sale books.,"SELECT title ,  release_date FROM book ORDER BY sale_amount DESC LIMIT 5",INCORRECT,INCORRECT,INCORRECT,"The `Sale_Amount` column is of type TEXT. The query performs a lexicographical (string) sort instead of a numerical sort, which will not correctly identify the books with the highest sales.","Orders by sale_amount as TEXT, causing lexicographic sorting instead of numeric. Must cast sale_amount to a numeric type to get the true top 5 best-selling books.",,
859,Train,chinook_1,What are the last names of customers without invoice totals exceeding 20?,SELECT LastName FROM CUSTOMER EXCEPT SELECT T1.LastName FROM CUSTOMER AS T1 JOIN Invoice AS T2 ON T1.CustomerId  =  T2.CustomerId WHERE T2.total  >  20,INCORRECT,INCORRECT,INCORRECT,"The query performs an EXCEPT operation on the 'LastName' column, which is not a unique identifier for customers. This will incorrectly exclude customers who share a last name with someone who has an invoice total over 20.","Uses EXCEPT on LastName, so if any customer with that last name has an invoice > 20, all customers with that last name are excluded. Must filter by CustomerId, not by name.",,
870,Train,chinook_1,Please show the employee first names and ids of employees who serve at least 10 customers.,"SELECT T1.FirstName ,  T1.SupportRepId FROM CUSTOMER AS T1 JOIN EMPLOYEE AS T2 ON T1.SupportRepId  =  T2.EmployeeId GROUP BY T1.SupportRepId HAVING COUNT(*)  >=  10",INCORRECT,INCORRECT,INCORRECT,The query incorrectly selects the customer's first name (T1.FirstName) instead of the employee's first name. It should select T2.FirstName to fulfill the user's request.,Uses Customer.FirstName instead of Employee.FirstName. Should return Employee.FirstName with EmployeeId (via SupportRepId) for reps serving >= 10 customers.,,
1223,Train,apartment_rentals,"What are the booking start and end dates of the apartments with type code ""Duplex""?","SELECT T1.booking_start_date ,  T1.booking_start_date FROM Apartment_Bookings AS T1 JOIN Apartments AS T2 ON T1.apt_id  =  T2.apt_id WHERE T2.apt_type_code  =  ""Duplex""",INCORRECT,INCORRECT,INCORRECT,"The query selects the booking_start_date column twice, but the question asks for both the booking start and end dates.",Second selected column repeats booking_start_date; should select booking_end_date to return start and end dates for Duplex apartments.,,
1695,Train,epinions_1,Find the highest rank of all reviews.,SELECT min(rank) FROM review,INCORRECT,INCORRECT,INCORRECT,"The question asks for the 'highest' rank, which implies finding the maximum numerical value. The query incorrectly uses the MIN() function, which finds the smallest numerical rank value.","Uses MIN(rank) instead of MAX(rank). To get the highest rank across all reviews, use MAX(review.rank).",,
2357,Train,csu_1,report the total number of degrees granted between 1998 and 2002.,"SELECT T1.campus ,  sum(T2.degrees) FROM campuses AS T1 JOIN degrees AS T2 ON T1.id  =  T2.campus WHERE T2.year  >=  1998 AND T2.year  <=  2002 GROUP BY T1.campus",INCORRECT,INCORRECT,INCORRECT,"The query reports the total number of degrees for each campus, but the question asks for the overall total number of degrees across all campuses.",Query groups by campus and returns per-campus totals. The question asks for the overall total across all campuses between 1998 and 2002; should aggregate without GROUP BY or campus column.,,
2379,Train,csu_1,List the campus that have between 600 and 1000 faculty lines in year 2004.,SELECT T1.campus FROM campuses AS t1 JOIN faculty AS t2 ON t1.id  =  t2.campus WHERE t2.faculty  >=  600 AND t2.faculty  <=  1000 AND T1.year  =  2004,INCORRECT,INCORRECT,INCORRECT,The query incorrectly filters on the campus founding year (`T1.year`) instead of the year of the faculty data (`T2.year`). The condition should be `T2.year = 2004`.,Filters 2004 on Campuses.Year (founding year) instead of faculty.Year. The year constraint must be applied to the faculty table to get 2004 faculty counts.,,
2517,Train,movie_1,What are the ids of the movies that are not reviewed by Brittany Harris.,"SELECT mID FROM Rating EXCEPT SELECT T1.mID FROM Rating AS T1 JOIN Reviewer AS T2 ON T1.rID  =  T2.rID WHERE T2.name  =  ""Brittany Harris""",INCORRECT,INCORRECT,INCORRECT,"The query fails to include movies that have never been reviewed at all. The initial set of movies should be selected from the `Movie` table, not the `Rating` table, to ensure all movies are considered.","Starts from Rating, so it only returns movies with some review. It omits movies with no ratings, which are also not reviewed by Brittany Harris. Should subtract from all Movie.mID instead.",,
2732,Train,storm_record,What are the names of regions that were affected by the storm in which the most people died?,SELECT T2.region_name FROM affected_region AS T1 JOIN region AS T2 ON T1.region_id  =  T2.region_id JOIN storm AS T3 ON T1.storm_id  =  T3.storm_id ORDER BY T3.Number_Deaths DESC LIMIT 1,INCORRECT,INCORRECT,INCORRECT,"The query incorrectly uses `ORDER BY ... LIMIT 1`. If the storm with the most deaths affected multiple regions, this query would only return one of those regions, not all of them as the question asks for.","Uses ORDER BY/LIMIT 1 on region-storm rows, returning a single region. Must filter to storm(s) with maximum Number_Deaths and return all affected regions (and handle ties), possibly with DISTINCT.",,
2857,Train,customer_deliveries,Find the name of route that has the highest number of deliveries.,SELECT t1.route_name FROM Delivery_Routes AS t1 JOIN Delivery_Route_Locations AS t2 ON t1.route_id  =  t2.route_id GROUP BY t1.route_id ORDER BY count(*) DESC LIMIT 1,INCORRECT,INCORRECT,INCORRECT,The query incorrectly counts the number of locations per route. It should join with the `Order_Deliveries` table to count the number of actual deliveries for each route.,"Counts route locations, not deliveries. Should join Order_Deliveries via Delivery_Route_Locations and group by route to count deliveries per route.",,
3024,Train,loan_1,"What are the names of the different customers who have taken out a loan, ordered by the total amount that they have taken?",SELECT T1.cust_name FROM customer AS T1 JOIN loan AS T2 ON T1.cust_id  =  T2.cust_id GROUP BY T1.cust_name ORDER BY sum(T2.amount),INCORRECT,INCORRECT,INCORRECT,"The query groups by customer name, which is not guaranteed to be unique. If different customers share the same name, their loan amounts will be incorrectly summed together.","Groups by cust_name, which can merge different customers who share the same name. Should aggregate by customer (e.g., cust_id) and order by their total loan amount (likely descending).",,
3292,Train,college_1,Find the first name of the professor who is teaching two courses with code CIS-220 and QM-261.,SELECT T1.emp_fname FROM employee AS T1 JOIN CLASS AS T2 ON T1.emp_num  =  T2.prof_num WHERE crs_code  =  'CIS-220' INTERSECT SELECT T1.emp_fname FROM employee AS T1 JOIN CLASS AS T2 ON T1.emp_num  =  T2.prof_num WHERE crs_code  =  'QM-261',INCORRECT,INCORRECT,INCORRECT,"The query performs the INTERSECT on the professor's first name, which is not a unique identifier. This will produce an incorrect result if two different professors with the same first name teach the two courses.","Uses INTERSECT on EMP_FNAME, not on professor identity. If different professors share a first name, it yields false positives. Should match by EMP_NUM (e.g., intersect EMP_NUM or self-join CLASS) and then select the name.",,
3589,Train,music_1,"What is the name of the artist, for each language, that has the most songs with a higher resolution than 500?",SELECT artist_name FROM song WHERE resolution  >  500 GROUP BY languages ORDER BY count(*) DESC LIMIT 1,INCORRECT,INCORRECT,INCORRECT,The query finds the language with the most songs and returns an arbitrary artist from that group. It does not find the artist with the most songs for each language as requested by the question.,Groups by language only and returns one arbitrary artist (LIMIT 1). Should count songs per artist within each language and pick the top artist(s) per language with resolution > 500.,,
3638,Train,baseball_1,How many players enter hall of fame each year?,"SELECT yearid ,  count(*) FROM hall_of_fame GROUP BY yearid;",INCORRECT,INCORRECT,INCORRECT,"The query counts all players on the hall of fame ballot each year, not only those who were actually inducted. It is missing a `WHERE inducted = 'Y'` filter.","Should count only inducted players per year. Add WHERE inducted='Y' (and possibly category='Player'); current query counts all nominees, not just those who entered.",,
3642,Train,baseball_1,"In 2014, what are the id and rank of the team that has the largest average number of attendance?","SELECT T2.team_id ,  T2.rank FROM home_game AS T1 JOIN team AS T2 ON T1.team_id  =  T2.team_id WHERE T1.year  =  2014 GROUP BY T1.team_id ORDER BY avg(T1.attendance) DESC LIMIT 1;",INCORRECT,INCORRECT,INCORRECT,"The query does not ensure that the rank retrieved from the `team` table is for the year 2014. The join should be on both team_id and year, or there should be an additional `WHERE T2.year = 2014` clause.","Join to team is missing year, so rank may come from a different season. Also selecting T2.rank while grouping only by team_id is nondeterministic in SQLite. Join/filter team on year=2014.",,
3663,Train,baseball_1,Which players won awards in both 1960 and 1961? Return their first names and last names.,"SELECT T1.name_first , T1.name_last FROM player AS T1 JOIN player_award AS T2 WHERE T2.year  =  1960 INTERSECT SELECT T1.name_first , T1.name_last FROM player AS T1 JOIN player_award AS T2 WHERE T2.year  =  1961",INCORRECT,INCORRECT,INCORRECT,"The query is missing the JOIN condition (ON T1.player_id = T2.player_id) between the player and player_award tables. This results in a cross join, incorrectly associating all players with all awards.",Missing join condition between player and player_award causes a cross join; results include all players if awards exist. Join on player_id (and use DISTINCT/EXISTS) to find players with awards in both years.,,
3694,Train,baseball_1,What is the total home game attendance of team Boston Red Stockings from 2000 to 2010?,SELECT sum(T1.attendance) FROM home_game AS T1 JOIN team AS T2 ON T1.team_id  =  T2.team_id_br WHERE T2.name  =  'Boston Red Stockings' AND T1.year BETWEEN 2000 AND 2010;,INCORRECT,INCORRECT,INCORRECT,"The query incorrectly joins the `home_game` and `team` tables. It attempts to match `home_game.team_id` with `team.team_id_br`, but the correct join key should be `team.team_id`.","Wrong join: home_game.team_id should join to team.team_id (and also on year) rather than team.team_id_br. Missing year join can duplicate rows, so the sum may be incorrect for 2000–2010.",,
3851,Train,insurance_policies,Which claims caused more than 2 settlements or have the maximum claim value? List the date the claim was made and the claim id.,"SELECT T1.Date_Claim_Made ,  T1.Claim_id FROM Claims AS T1 JOIN Settlements AS T2 ON T1.Claim_id  =  T2.Claim_id GROUP BY T1.Claim_id HAVING count(*)  >  2 UNION SELECT T1.Date_Claim_Made ,  T1.Claim_id FROM Claims AS T1 JOIN Settlements AS T2 ON T1.Claim_id  =  T2.Claim_id WHERE T1.Amount_Claimed  =  ( SELECT max(Amount_Claimed) FROM Claims )",INCORRECT,INCORRECT,INCORRECT,The second part of the UNION unnecessarily joins with the Settlements table. This will incorrectly produce duplicate rows for a claim with the maximum value if it has multiple settlements.,"The second UNION branch uses an inner join to Settlements, excluding claims with the maximum Amount_Claimed that have no settlements. It should select from Claims alone or use a LEFT JOIN.",,
3900,Train,hospital_1,Find the department with the most employees.,SELECT name FROM department GROUP BY departmentID ORDER BY count(departmentID) DESC LIMIT 1;,INCORRECT,INCORRECT,INCORRECT,"The query does not count employees. It only queries the `department` table and counts its own ID, which will always be 1 for each department. It needs to join with `Affiliated_With` to count physicians.",Counts only rows in Department (1 per dept). Does not join Affiliated_With to count employees. Must join and count affiliated physicians per department to find the max.,,
4456,Train,network_2,What are the names of all of Bob's friends?,SELECT T1.name FROM Person AS T1 JOIN PersonFriend AS T2 ON T1.name  =  T2.name WHERE T2.friend  =  'Bob',INCORRECT,INCORRECT,INCORRECT,"The query incorrectly identifies people who have Bob as a friend (WHERE friend = 'Bob'). To find Bob's friends, it should filter where the person is Bob (WHERE name = 'Bob') and select the friend.","Reverses the relationship: selects people who list Bob as friend. To get Bob’s friends, filter name='Bob' and select friend (optionally join Person on Person.name=PersonFriend.friend).",,
4546,Train,company_office,List the names of companies in descending order of market value.,SELECT name FROM Companies ORDER BY Market_Value_billion DESC,INCORRECT,INCORRECT,INCORRECT,"The `Market_Value_billion` column is of type TEXT. Ordering by this column will result in a lexicographical (alphabetical) sort, not the numerical sort required by the question.","Market_Value_billion is TEXT; ORDER BY will sort lexicographically, not by numeric value. Should cast to REAL for correct descending market value ordering.",,
5253,Train,music_2,Find all the songs that do not have a back vocal.,"SELECT DISTINCT title FROM vocals AS t1 JOIN songs AS t2 ON t1.songid  =  t2.songid EXCEPT SELECT t2.title FROM vocals AS t1 JOIN songs AS t2 ON t1.songid  =  t2.songid WHERE TYPE  =  ""back""",INCORRECT,INCORRECT,INCORRECT,"The query incorrectly excludes songs that have no vocal records at all. The first part of the EXCEPT clause should select all songs from the `Songs` table, not just those present in the `Vocals` table.","Query only considers songs present in Vocals; it omits songs with no vocal entries. Must start from Songs and exclude those with a 'back' vocal (e.g., via NOT EXISTS or LEFT JOIN IS NULL).",,
5440,Train,shop_membership,What are the total purchases for members rated at level 6?,SELECT count(*) FROM purchase AS T1 JOIN member AS T2 ON T1.member_id  =  T2.member_id WHERE T2.level  =  6,INCORRECT,INCORRECT,INCORRECT,"The query calculates the number of purchases using COUNT(*), but the question asks for the 'total purchases', which requires summing the purchase amounts (e.g., SUM(Total_pounds)).",Counts purchase rows for level 6 members instead of summing amounts. Should use SUM(T1.Total_pounds) to get total purchases.,,
5535,Train,products_gen_characteristics,"Find the number of products with category ""Spices"" and typically sold above 1000.","SELECT count(*) FROM products WHERE product_category_code  =  ""Spices"" AND typical_buying_price  >  1000",INCORRECT,INCORRECT,INCORRECT,"The query filters on `typical_buying_price`, but the question asks for products 'typically sold above 1000', which corresponds to the `typical_selling_price` column.","Filters on typical_buying_price instead of typical_selling_price; it counts products with buying price > 1000, not those typically sold above 1000.",,
5590,Train,products_gen_characteristics,What are the names of products that are not 'white' in color and are not measured by the unit 'Handful'?,"SELECT t1.product_name FROM products AS t1 JOIN ref_product_categories AS t2 ON t1.product_category_code  =  t2.product_category_code JOIN ref_colors AS t3 ON t1.color_code  =  t3.color_code WHERE t3.color_description  =  ""white"" AND t2.unit_of_measure != ""Handful""",INCORRECT,INCORRECT,INCORRECT,"The query filters for products with the color 'white' (color_description = 'white'), but the question asks for products that are not 'white' (color_description != 'white').",Wrong color filter. It selects products with color_description = 'white' instead of excluding white. Should use color_description != 'white' (and unit_of_measure != 'Handful').,,
5740,Train,dorm_1,"For each dorm, how many amenities does it have?","SELECT count(*) ,  T1.dormid FROM dorm AS T1 JOIN has_amenity AS T2 ON T1.dormid  =  T2.dormid WHERE T1.student_capacity  >  100 GROUP BY T1.dormid",INCORRECT,INCORRECT,INCORRECT,"The query incorrectly filters for dorms with a student capacity greater than 100, which is not specified in the natural language question.","Adds an unnecessary capacity > 100 filter and uses INNER JOIN, which excludes dorms with zero amenities. Should LEFT JOIN Dorm to Has_amenity and count amenities for all dorms.",,
5813,Train,customer_complaints,Which state has the most customers?,SELECT state FROM customers GROUP BY state ORDER BY count(*) LIMIT 1,INCORRECT,INCORRECT,INCORRECT,"The query is missing DESC in the ORDER BY clause. It currently finds the state with the fewest customers, not the most, because the default order is ascending.","Orders by COUNT(*) ascending, returning the state with the fewest customers. Should use ORDER BY COUNT(*) DESC to get the most customers.",,
6060,Train,customers_and_addresses,What is the average amount of items ordered in each order?,SELECT avg(order_quantity) FROM order_items,INCORRECT,INCORRECT,INCORRECT,"The query calculates the average quantity per line item, not the average total quantity per order. It needs to first SUM the quantities for each order, and then take the average of those sums.","It averages per line item, not per order. Need to sum quantities per order (GROUP BY order_id) and then average those order totals; also cast order_quantity to numeric.",,
6086,Train,customers_and_addresses,Which city has the most customers living in?,SELECT t3.city FROM customers AS t1 JOIN customer_addresses AS t2 ON t1.customer_id  =  t2.customer_id JOIN addresses AS t3 ON t2.address_id  =  t3.address_id GROUP BY t3.city ORDER BY count(*) DESC LIMIT 1,INCORRECT,INCORRECT,INCORRECT,"The query counts the number of addresses per city using COUNT(*), not the number of distinct customers. If a customer has multiple addresses in the same city, they will be counted multiple times.","Missing filter for residential/current addresses and counts address rows, not distinct customers. Use address_type='Residential', consider active dates, and COUNT(DISTINCT customer_id) per city.",,
6100,Train,customers_and_addresses,"What is the ""active to date"" of the latest contact channel used by ""Tillman Ernser""?","SELECT max(t2.active_to_date) FROM customers AS t1 JOIN customer_contact_channels AS t2 ON t1.customer_id  =  t2.customer_id WHERE t1.customer_name  =  ""Tillman Ernser""",INCORRECT,INCORRECT,INCORRECT,"The query finds the maximum 'active_to_date', but the 'latest' contact channel should be determined by the most recent 'active_from_date'. The query does not identify the latest channel before selecting its end date.","Latest channel should be chosen by active_from_date, then return its active_to_date. Query uses MAX(active_to_date), which may not correspond to the latest channel and ignores NULLs.",,
6607,Train,train_station,Show all locations that have train stations with at least 15 platforms and train stations with more than 25 total passengers.,SELECT DISTINCT LOCATION FROM station WHERE number_of_platforms  >=  15 AND total_passengers  >  25,INCORRECT,INCORRECT,INCORRECT,"The query requires a single station to meet both the platform and passenger criteria. The question asks for locations containing a station for each criterion, which could be two different stations.","It applies both conditions to the same station row. The request is for locations that have stations meeting each criterion (possibly different stations), requiring per-location EXISTS checks.",,
7498,Train,geo,what are the major lakes in united states,SELECT lake_name FROM lake WHERE area  >  750;,INCORRECT,INCORRECT,INCORRECT,The query fails to filter for lakes located in the 'united states'. It should include a condition on the `country_name` column in the WHERE clause.,"Missing country filter; query returns large lakes from any country. Should restrict to United States via lake.country_name (e.g., 'USA'); 'major' needs clear criterion (top by area or threshold).",,
7533,Train,geo,what is the size of the largest state in the usa,SELECT MAX ( area ) FROM state;,INCORRECT,INCORRECT,INCORRECT,"The query finds the maximum area among all states in the database, but it fails to filter for states that are only in the USA as specified in the question.","Missing country filter. Should restrict to USA (e.g., WHERE country_name = 'USA'); otherwise returns max area across all countries in table.",,
7556,Train,geo,what is the biggest american city in a state with a river,SELECT DISTINCT t1.city_name FROM city AS t1 JOIN river AS t2 ON t2.traverse  =  t1.state_name WHERE t1.population  =  ( SELECT MAX ( t1.population ) FROM river AS t2 JOIN city AS t1 ON t2.traverse  =  t1.state_name );,INCORRECT,INCORRECT,INCORRECT,"The query correctly finds the city with the largest population in a state with a river, but it fails to filter for 'american' cities. It should add a WHERE clause to filter by country name, for example `WHERE t1.country_name = 'USA'`.","Missing country filter. It should restrict to American cities/states (e.g., city.country_name = 'USA' or state.country_name = 'USA'). Current query returns largest city regardless of country.",,
8376,Train,academic,"return me the authors who have cooperated with "" H. V. Jagadish "" after 2000 .","SELECT t2.name FROM writes AS t3 JOIN author AS t2 ON t3.aid  =  t2.aid JOIN publication AS t5 ON t3.pid  =  t5.pid JOIN writes AS t4 ON t4.pid  =  t5.pid JOIN author AS t1 ON t4.aid  =  t1.aid WHERE t1.name  =  ""H. V. Jagadish"" AND t5.year  >  2000;",INCORRECT,INCORRECT,INCORRECT,"The query incorrectly includes ""H. V. Jagadish"" in the result set. An author cannot cooperate with themselves. The query should filter out this author from the final list of collaborators.","Query does not exclude H. V. Jagadish himself from results, so it can return him as a collaborator. It also may return duplicates across multiple coauthored papers; DISTINCT is advisable.",,
8391,Train,academic,"return me the conference that has the most number of papers containing keyword "" Relational Database "" .","SELECT t2.name FROM publication_keyword AS t4 JOIN keyword AS t1 ON t4.kid  =  t1.kid JOIN publication AS t3 ON t3.pid  =  t4.pid JOIN conference AS t2 ON t3.cid  =  t2.cid WHERE t1.keyword  =  ""Relational Database"" GROUP BY t2.name ORDER BY COUNT ( DISTINCT t3.title ) DESC LIMIT 1;",INCORRECT,INCORRECT,INCORRECT,"The query incorrectly counts the number of distinct paper titles (`COUNT(DISTINCT t3.title)`). To correctly count the number of papers, it should count the publication IDs, for example, using `COUNT(t3.pid)`.","Counts DISTINCT titles instead of papers (pid), leading to miscounts. Also groups by conference name, which can merge different conferences sharing the same name; should group by cid.",,
8651,Train,restaurants,where is a jamerican cuisine in san francisco ?,"SELECT t2.house_number  ,  t1.name FROM restaurant AS t1 JOIN LOCATION AS t2 ON t1.id  =  t2.restaurant_id WHERE t2.city_name  =  ""san francisco"" AND t1.name  =  ""jamerican cuisine"";",INCORRECT,INCORRECT,INCORRECT,"The query filters on the restaurant name (`t1.name`) being 'jamerican cuisine', but the question is asking for a type of food. It should filter on the `food_type` column instead.","'jamerican cuisine' likely refers to cuisine type, but query filters by restaurant name. It also returns only house_number, omitting street_name, so the location answer is incomplete.",,
=== MIXED / DISAGREEMENT (50 items) ===,,,,,,,,,,,
176,Dev,car_1,Which are the car makers which produce at least 2 models and more than 3 car makers ? List the id and the maker .,"select t1.id ,  t1.maker from car_makers as t1 join model_list as t2 on t1.id  =  t2.maker group by t1.id having count(*)  >=  2 intersect select t1.id ,  t1.maker from car_makers as t1 join model_list as t2 on t1.id  =  t2.maker join car_names as t3 on t2.model  =  t3.model group by t1.id having count(*)  >  3;",INCORRECT,UNANSWERABLE,Mixed (INCORRECT->UNANSWERABLE),"The question asks for makers that produce 'more than 3 car makers', which is nonsensical. The query interprets this as 'more than 3 cars', which is a reasonable assumption but does not match the literal question.",Ambiguous condition: “more than 3 car makers” is nonsensical for a single maker. Schema has no metric for a maker producing other makers. Intended filter (cars? models? car names?) is unclear.,,
847,Dev,orchestra,Please show the name of the conductor that has conducted orchestras founded after 2008.,SELECT T1.Name FROM conductor AS T1 JOIN orchestra AS T2 ON T1.Conductor_ID  =  T2.Conductor_ID WHERE Year_of_Founded  >  2008,,PARTIALLY_CORRECT,Mixed (->PARTIALLY_CORRECT),,"Correct join and filter, but may return duplicate conductor names if they conducted multiple qualifying orchestras. Use DISTINCT to return unique names.",,
71,Test,e_commerce,What is the product name and the color of the ordered items which have been shipped?,"SELECT T1.product_name ,  T1.product_color FROM Products AS T1 JOIN Order_items AS T2 ON T1.product_id  =  T2.product_id JOIN Shipment_Items AS T3 ON T2.order_item_id  =  T3.order_item_id JOIN Shipments AS T4 ON T3.shipment_id  =  T4.shipment_id",,PARTIALLY_CORRECT,Mixed (->PARTIALLY_CORRECT),,"Joins are appropriate, but it may return duplicates if an order item appears in multiple shipments; lacks DISTINCT/grouping to ensure one row per shipped order item.",,
559,Test,book_1,What are the names of clients who have never made an order?,SELECT name FROM Client EXCEPT SELECT T1.name FROM Client AS T1 JOIN Orders AS T2 ON T1.idClient  =  T2.idClient,,INCORRECT,Mixed (->INCORRECT),,"Uses EXCEPT on Name, so clients sharing a name are collapsed. If one homonymous client ordered, all with that name are excluded. Should anti-join by IdClient (e.g., LEFT JOIN/NOT EXISTS).",,
833,Test,address_1,"For each city, what is the the city code and sum of distances from each?","SELECT city1_code ,  sum(distance) FROM Direct_distance GROUP BY city1_code",,PARTIALLY_CORRECT,Mixed (->PARTIALLY_CORRECT),,Sums distances only for cities appearing as city1_code. “For each city” implies including all cities (even with zero sum). Should aggregate over City with LEFT JOIN to Direct_distance.,,
917,Test,boat_1,What are the names of sailors who reserved a boat with the name Melon?,SELECT T1.name FROM Sailors AS T1 JOIN Reserves AS T2 ON T1.sid  =  T2.sid JOIN Boats AS T3 ON T3.bid  =  T2.bid WHERE T3.name  =  'Melon',,PARTIALLY_CORRECT,Mixed (->PARTIALLY_CORRECT),,"May return duplicate sailor names if a sailor reserved 'Melon' multiple times (e.g., on different days). Use DISTINCT to ensure unique names.",,
1236,Test,art_1,In what locations and on what mediums are the paintings created by the artist with the first name Pablo?,"SELECT T2.location ,   T2.medium FROM artists AS T1 JOIN paintings AS T2 ON T1.artistID  =  T2.painterID WHERE T1.fname  =  ""Pablo""",,INCORRECT,Mixed (->INCORRECT),,"Selects Paintings.medium instead of the support field. The question asks “on what mediums,” which corresponds to Paintings.mediumOn. Should return location and mediumOn for Pablo’s paintings.",,
1241,Test,art_1,What is the birth year of the artist who created a painting in 1884 that is on canvas?,"SELECT T1.birthYear FROM artists AS T1 JOIN paintings AS T2 ON T1.artistID  =  T2.painterID WHERE T2.year  =  1884 AND mediumOn  =  ""canvas""",,PARTIALLY_CORRECT,Mixed (->PARTIALLY_CORRECT),,May return duplicate birth years if an artist has multiple 1884 canvas paintings. Use DISTINCT to ensure unique birth years.,,
1319,Test,car_road_race,"Which winning drivers of races had pole position that is not ""Junior Strous""?",SELECT Winning_driver FROM race WHERE Pole_Position != 'Junior Strous',PARTIALLY_CORRECT,,Mixed (PARTIALLY_CORRECT->),"The query is logically correct but may return duplicate driver names. The question 'Which winning drivers' implies a unique list, so SELECT DISTINCT Winning_driver would be more precise.",,,
1466,Test,real_estate_rentals,Return the full names of users who live in properties that they own.,"SELECT first_name ,  middle_name ,  last_name FROM Properties AS T1 JOIN Users AS T2 ON T1.owner_user_id  =  T2.user_id WHERE T1.property_address_id  =  T2.user_address_id;",,PARTIALLY_CORRECT,Mixed (->PARTIALLY_CORRECT),,"Logic is correct (owner and same address), but may return duplicate names if a user matches multiple properties. Use DISTINCT to return each user only once.",,
1617,Test,car_racing,"What is the maximum points of the drivers from a country whose capital is ""Dublin""?","SELECT max(T2.Points) FROM country AS T1 JOIN driver AS T2 ON T1.Country_ID  =  T2.Country WHERE T1.Capital  =  ""Dublin""",INCORRECT,PARTIALLY_CORRECT,Mixed (INCORRECT->PARTIALLY_CORRECT),"The `Points` column is of type TEXT. Applying MAX() directly will perform a lexicographical comparison (e.g., '9' > '185'), not the intended numerical comparison. The column should be cast to a numeric type.","Points is TEXT; MAX over TEXT is lexicographic, not numeric. Cast Points to a number (e.g., MAX(CAST(T2.Points AS REAL))) to correctly get the maximum points.",,
486,Train,allergy_1,What is the last name of the youngest student?,SELECT LName FROM Student WHERE age  =  (SELECT min(age) FROM Student),,PARTIALLY_CORRECT,Mixed (->PARTIALLY_CORRECT),,May return duplicate last names if multiple youngest students share the same last name. Use DISTINCT to avoid duplicate LName values.,,
595,Train,store_1,What is the full name of the employee who has the most customers?,"SELECT T1.first_name , T1.last_name FROM employees AS T1 JOIN customers AS T2 ON T1.id  =  T2.support_rep_id GROUP BY T1.id ORDER BY count(*) DESC LIMIT 1",,PARTIALLY_CORRECT,Mixed (->PARTIALLY_CORRECT),,"Uses INNER JOIN, excluding employees with zero customers. Should use LEFT JOIN (and COUNT(T2.id)) to ensure employees without customers are considered when finding the maximum.",,
1184,Train,election_representative,What are the names of representatives in descending order of votes?,SELECT T2.Name FROM election AS T1 JOIN representative AS T2 ON T1.Representative_ID  =  T2.Representative_ID ORDER BY votes DESC,,PARTIALLY_CORRECT,Mixed (->PARTIALLY_CORRECT),,"Returns one row per election; representatives with multiple elections will repeat. To list each representative once ordered by votes, use DISTINCT or aggregate (e.g., GROUP BY name ORDER BY MAX(Votes) DESC).",,
1266,Train,apartment_rentals,Return each apartment type code along with the maximum and minimum number of rooms among each type.,"SELECT apt_type_code ,  max(room_count) ,  min(room_count) FROM Apartments GROUP BY apt_type_code",INCORRECT,PARTIALLY_CORRECT,Mixed (INCORRECT->PARTIALLY_CORRECT),The query applies MAX and MIN functions to the `room_count` column which has a CHAR data type. This will result in an incorrect lexicographical comparison instead of the intended numerical comparison.,"Aggregation is correct by apt_type_code, but room_count is CHAR. MAX/MIN will compare lexicographically, not numerically. CAST room_count to INTEGER to get true min/max numbers.",,
1492,Train,college_2,What are the names of all instructors with a higher salary than any of the instructors in the Biology department?,SELECT name FROM instructor WHERE salary  >  (SELECT max(salary) FROM instructor WHERE dept_name  =  'Biology'),,PARTIALLY_CORRECT,Mixed (->PARTIALLY_CORRECT),,"May return duplicate names; use DISTINCT. Also, if no Biology instructors exist, MAX is NULL so no rows returned, whereas ‘greater than all’ would return all instructors.",,
1507,Train,debate,List the names of people that have not been on the affirmative side of debates.,SELECT Name FROM people WHERE People_id NOT IN (SELECT Affirmative FROM debate_people),,PARTIALLY_CORRECT,Mixed (->PARTIALLY_CORRECT),,"Uses NOT IN, which returns no rows if debate_people.Affirmative contains NULL. Prefer NOT EXISTS or filter out NULLs to avoid this edge case.",,
2453,Train,movie_1,"Find all years that have a movie that received a rating of 4 or 5, and sort them in increasing order of year.",SELECT DISTINCT YEAR FROM Movie AS T1 JOIN Rating AS T2 ON T1.mID  =  T2.mID WHERE T2.stars  >=  4 ORDER BY T1.year,,PARTIALLY_CORRECT,Mixed (->PARTIALLY_CORRECT),,"Filter uses stars >= 4 instead of specifically 4 or 5. If stars can exceed 5, extra years may be included. Use stars IN (4,5) or BETWEEN 4 AND 5.",,
3214,Train,college_1,Which school has the smallest amount of professors?,SELECT T1.school_code FROM department AS T1 JOIN professor AS T2 ON T1.dept_code  =  T2.dept_code GROUP BY T1.school_code ORDER BY count(*) LIMIT 1,,INCORRECT,Mixed (->INCORRECT),,Inner join and COUNT(*) exclude schools whose departments have zero professors. Use LEFT JOIN from DEPARTMENT to PROFESSOR and COUNT(T2.EMP_NUM) so schools with 0 professors are considered when finding the minimum.,,
3487,Train,hr_1,What are the employee ids for those who had two or more jobs.,SELECT employee_id FROM job_history GROUP BY employee_id HAVING COUNT(*)  >= 2,,PARTIALLY_CORRECT,Mixed (->PARTIALLY_CORRECT),,"Counts job_history rows, not distinct jobs. Employees with multiple stints of the same JOB_ID are included. To match “two or more jobs,” use COUNT(DISTINCT job_id) >= 2.",,
3527,Train,hr_1,What are the department names and how many employees work in each of them?,"SELECT department_name ,  COUNT(*) FROM employees AS T1 JOIN departments AS T2 ON T1.department_id  =  T2.department_id GROUP BY department_name",,PARTIALLY_CORRECT,Mixed (->PARTIALLY_CORRECT),,"Inner join omits departments with zero employees; also grouping only by department_name may merge same-named departments. Use LEFT JOIN from departments and group by department_id, department_name.",,
3684,Train,baseball_1,What were all the salary values of players in 2010 and 2001?,SELECT salary FROM salary WHERE YEAR  =  2010 UNION SELECT salary FROM salary WHERE YEAR  =  2001,,PARTIALLY_CORRECT,Mixed (->PARTIALLY_CORRECT),,"UNION removes duplicates; the question asks for all salary values. This query may drop repeated salaries. Use UNION ALL or a single WHERE year IN (2010,2001) to keep all entries.",,
3803,Train,e_learning,"Find the login name of the course author that teaches the course with name ""advanced database"".","SELECT T1.login_name FROM Course_Authors_and_Tutors AS T1 JOIN Courses AS T2 ON T1.author_id  =  T2.author_id WHERE T2.course_name  =  ""advanced database""",,PARTIALLY_CORRECT,Mixed (->PARTIALLY_CORRECT),,"Logic and joins are correct, but duplicates may appear if multiple courses share the same name (or same author has multiple with that name). Use DISTINCT to ensure unique login_name.",,
4213,Train,cre_Doc_Tracking_DB,What is the role name and role description for employee called Ebba?,"SELECT T2.role_name ,  T2.role_description FROM Employees AS T1 JOIN ROLES AS T2 ON T1.role_code  =  T2.role_code WHERE T1.employee_name  =  ""Ebba""",,PARTIALLY_CORRECT,Mixed (->PARTIALLY_CORRECT),,May return duplicate rows if multiple employees named Ebba exist with the same role; use DISTINCT or restrict to a unique employee identifier.,,
4264,Train,club_1,"Count the members of the club ""Tennis Club"".","SELECT count(*) FROM club AS t1 JOIN member_of_club AS t2 ON t1.clubid  =  t2.clubid JOIN student AS t3 ON t2.stuid  =  t3.stuid WHERE t1.clubname  =  ""Tennis Club""",,PARTIALLY_CORRECT,Mixed (->PARTIALLY_CORRECT),,Counts membership rows; may overcount if duplicate member entries exist. Use COUNT(DISTINCT t2.StuID). Joining Student is unnecessary and could drop orphan rows.,,
4735,Train,department_store,"What are the distinct names of customers with an order status of Pending, sorted by customer id?","SELECT DISTINCT T1.customer_name FROM customers AS T1 JOIN customer_orders AS T2 ON T1.customer_id  =  T2.customer_id WHERE T2.order_status_code  =  ""Pending"" ORDER BY T2.customer_id",,PARTIALLY_CORRECT,Mixed (->PARTIALLY_CORRECT),,"Uses correct join and filter, but SELECT DISTINCT on customer_name with ORDER BY customer_id is non-deterministic if multiple customers share a name. Include customer_id or adjust ordering.",,
4875,Train,school_player,Find the team of the player of the highest age.,SELECT Team FROM player ORDER BY Age DESC LIMIT 1,,PARTIALLY_CORRECT,Mixed (->PARTIALLY_CORRECT),,"Uses ORDER BY Age DESC LIMIT 1, which returns only one team. If multiple players share the highest age, other valid teams are omitted. Should return all teams where Age = MAX(Age) (possibly DISTINCT).",,
5290,Train,manufactory_1,Who is the founders of companies whose first letter is S?,SELECT founder FROM manufacturers WHERE name LIKE 'S%',PARTIALLY_CORRECT,,Mixed (PARTIALLY_CORRECT->),"The query may return duplicate founder names if a person founded multiple companies that match the criteria. Using DISTINCT would provide a more precise, unique list of founders.",,,
5380,Train,tracking_software_problems,What are the products that have problems reported after 1986-11-13? Give me the product id and the count of problems reported after 1986-11-13.,"SELECT count(*) ,  T2.product_id FROM problems AS T1 JOIN product AS T2 ON T1.product_id = T2.product_id WHERE T1.date_problem_reported > ""1986-11-13"" GROUP BY T2.product_id",,PARTIALLY_CORRECT,Mixed (->PARTIALLY_CORRECT),,"Imprecise date boundary: > '1986-11-13' on a DATETIME may include times on 1986-11-13. For strictly after that date, compare to '1986-11-14' or use date(T1.date_problem_reported) > '1986-11-13'.",,
5539,Train,products_gen_characteristics,"Which category does the product named ""flax"" belong to?","SELECT product_category_code FROM products WHERE product_name  =  ""flax""",,PARTIALLY_CORRECT,Mixed (->PARTIALLY_CORRECT),,"Returns category code, not description, and may produce duplicates if multiple products named 'flax' exist. Use DISTINCT and/or join to Ref_Product_Categories for description.",,
5827,Train,workshop_paper,Show different colleges along with the number of authors of submission from each college.,"SELECT College ,  COUNT(*) FROM submission GROUP BY College",,PARTIALLY_CORRECT,Mixed (->PARTIALLY_CORRECT),,"Counts submissions per college, not unique authors. Use COUNT(DISTINCT Author) GROUP BY College to get number of authors from each college.",,
5998,Train,game_1,Show all advisors who have at least two students.,SELECT advisor FROM Student GROUP BY advisor HAVING count(*)  >=  2,,PARTIALLY_CORRECT,Mixed (->PARTIALLY_CORRECT),,"Correct grouping and count, but may include NULL advisor as a result if two+ students lack an advisor. Add WHERE advisor IS NOT NULL to exclude non-advisors.",,
6018,Train,game_1,What is the first name and last name of the student who have most number of sports?,"SELECT T2.Fname ,  T2.Lname FROM Sportsinfo AS T1 JOIN Student AS T2 ON T1.StuID  =  T2.StuID GROUP BY T1.StuID ORDER BY count(*) DESC LIMIT 1",,PARTIALLY_CORRECT,Mixed (->PARTIALLY_CORRECT),,"Counts SportsInfo rows per student, not distinct sports. If a student has duplicate SportName entries, the result is inflated. Use COUNT(DISTINCT T1.SportName) for accurate “number of sports.”",,
6237,Train,ship_1,What are the average and minimum age of captains in different class?,"SELECT avg(age) ,  min(age) ,  CLASS FROM captain GROUP BY CLASS",,PARTIALLY_CORRECT,Mixed (->PARTIALLY_CORRECT),,Age is TEXT; avg() coerces to numeric but min(age) may be lexicographic in SQLite. Use min(CAST(age AS REAL)) for correct numeric minimum. Grouping by Class is otherwise correct.,,
6342,Train,e_government,Return the party email that has used party services the greatest number of times.,SELECT t1.party_email FROM parties AS t1 JOIN party_services AS t2 ON t1.party_id  =  t2.customer_id GROUP BY t1.party_email ORDER BY count(*) DESC LIMIT 1,,INCORRECT,Mixed (->INCORRECT),,"Groups by party_email instead of party_id. If multiple parties share the same email, their service usages are combined, misrepresenting which single party used services the most.",,
6488,Train,scientist_1,Find the total hours of the projects that scientists named Michael Rogers or Carol Smith are assigned to.,SELECT sum(T2.hours) FROM assignedto AS T1 JOIN projects AS T2 ON T1.project  =  T2.code JOIN scientists AS T3 ON T1.scientist  =  T3.SSN WHERE T3.name  =  'Michael Rogers' OR T3.name  =  'Carol Smith',INCORRECT,PARTIALLY_CORRECT,Mixed (INCORRECT->PARTIALLY_CORRECT),The query will double-count the hours of a project if both 'Michael Rogers' and 'Carol Smith' are assigned to it. It should sum the hours of the distinct set of projects they are assigned to.,"Sums hours per assignment; if both scientists share a project, that project’s hours are counted twice. Should sum hours over DISTINCT projects assigned to either scientist.",,
6855,Train,flight_4,What is the count of cities with more than 3 airports?,SELECT count(*) FROM (SELECT city FROM airports GROUP BY city HAVING count(*)  >  3),,PARTIALLY_CORRECT,Mixed (->PARTIALLY_CORRECT),,Counts NULL as a city if 4+ airports have NULL city. Add WHERE city IS NOT NULL (or HAVING city IS NOT NULL) to avoid counting unknown cities.,,
6861,Train,flight_4,"For each airport name, how many routes start at that airport?","SELECT count(*) ,  T1.name FROM airports AS T1 JOIN routes AS T2 ON T1.apid  =  T2.src_apid GROUP BY T1.name",,PARTIALLY_CORRECT,Mixed (->PARTIALLY_CORRECT),,"Uses INNER JOIN, so airports with zero starting routes are omitted. A LEFT JOIN with COUNT(T2.rid) would include all airport names with zero counts.",,
7133,Train,geo,how many people live in boulder,"SELECT population FROM city WHERE city_name  =  ""boulder"";",,UNANSWERABLE,Mixed (->UNANSWERABLE),,Ambiguous city name; multiple states can have a city named Boulder. Need state_name to uniquely identify which Boulder’s population to return.,,
7135,Train,geo,how many people lived in boulder,"SELECT population FROM city WHERE city_name  =  ""boulder"";",,UNANSWERABLE,Mixed (->UNANSWERABLE),,"City name alone is ambiguous. The city table’s PK is (city_name, state_name), so multiple states may have a “Boulder.” The question lacks the state to uniquely identify which Boulder’s population.",,
7588,Train,scholar,who has the most publications in syntactic parsing ?,"SELECT DISTINCT COUNT ( t4.paperid )  ,  t3.authorid FROM paperkeyphrase AS t1 JOIN keyphrase AS t2 ON t1.keyphraseid  =  t2.keyphraseid JOIN paper AS t4 ON t4.paperid  =  t1.paperid JOIN writes AS t3 ON t3.paperid  =  t4.paperid WHERE t2.keyphrasename  =  ""syntactic parsing"" GROUP BY t3.authorid ORDER BY COUNT ( t4.paperid ) DESC;",INCORRECT,PARTIALLY_CORRECT,Mixed (INCORRECT->PARTIALLY_CORRECT),"The query correctly ranks authors by their number of publications on the topic, but it fails to return only the author with the most publications. A `LIMIT 1` clause is needed to answer the question.",Returns all authors sorted by count instead of only the top author(s); returns authorId not name; may overcount if keyphraseName has duplicates (should use COUNT(DISTINCT t4.paperId)).,,
7748,Train,scholar,list papers published by balakrishnan prabhakaran,"SELECT DISTINCT t3.paperid  ,  t3.year FROM writes AS t2 JOIN author AS t1 ON t2.authorid  =  t1.authorid JOIN paper AS t3 ON t2.paperid  =  t3.paperid WHERE t1.authorname  =  ""balakrishnan prabhakaran"";",,PARTIALLY_CORRECT,Mixed (->PARTIALLY_CORRECT),,"Joins and filter are correct for papers by the author, but the query returns paperId and year. The question asks to list papers, which implies selecting the paper titles (e.g., t3.title).",,
7850,Train,scholar,How many papers were published in nature communications 2015 conference ?,"SELECT DISTINCT COUNT ( t1.paperid ) FROM venue AS t2 JOIN paper AS t1 ON t2.venueid  =  t1.venueid WHERE t1.year  =  2015 AND t2.venuename  =  ""nature communications"";",INCORRECT,,Mixed (INCORRECT->),"The query incorrectly searches for 'nature communications' in the `venue` table. 'Nature Communications' is a journal, and the schema has a dedicated `journal` table that should have been used instead.",,,
8070,Train,scholar,how is the most prolific author in chi ?,"SELECT DISTINCT COUNT ( DISTINCT t2.paperid )  ,  t1.authorid FROM venue AS t3 JOIN paper AS t2 ON t3.venueid  =  t2.venueid JOIN writes AS t1 ON t1.paperid  =  t2.paperid WHERE t3.venuename  =  ""chi"" GROUP BY t1.authorid ORDER BY COUNT ( DISTINCT t2.paperid ) DESC;",,INCORRECT,Mixed (->INCORRECT),,"Returns counts for all authors in CHI, not just the single most prolific (missing LIMIT/tie handling). Also outputs authorId instead of authorName; should join author table.",,
8074,Train,scholar,conferences that mention ImageNet,"SELECT DISTINCT t3.venueid FROM paperdataset AS t2 JOIN dataset AS t1 ON t2.datasetid  =  t1.datasetid JOIN paper AS t3 ON t3.paperid  =  t2.paperid WHERE t1.datasetname  =  ""ImageNet"";",,PARTIALLY_CORRECT,Mixed (->PARTIALLY_CORRECT),,Returns venue IDs and may include NULL for journal papers. Should filter venueId IS NOT NULL and ideally join venue to return venueName (conference names) rather than IDs.,,
8082,Train,scholar,venue for Trophic Cascade,"SELECT DISTINCT t3.venueid FROM paperkeyphrase AS t2 JOIN keyphrase AS t1 ON t2.keyphraseid  =  t1.keyphraseid JOIN paper AS t3 ON t3.paperid  =  t2.paperid WHERE t1.keyphrasename  =  ""Trophic Cascade"";",,INCORRECT,Mixed (->INCORRECT),,Matches keyphrase 'Trophic Cascade' instead of the paper title and returns only venueId. Should filter on paper.title='Trophic Cascade' and join venue to get the venue (name/id).,,
8454,Train,imdb,"Who is the actor playing "" Alan Turing "" in "" The Imitation Game "" ?","SELECT t1.name FROM CAST AS t2 JOIN actor AS t1 ON t2.aid  =  t1.aid JOIN movie AS t3 ON t3.mid  =  t2.msid WHERE t2.role  =  ""Alan Turing"" AND t3.title  =  ""The Imitation Game"";",,UNANSWERABLE,Mixed (->UNANSWERABLE),,Schema lacks a character-name field (cast.role is INT) and no valid link from cast.msid to movie.mid/title. Cannot filter by “Alan Turing” or tie cast entries to the movie from given tables.,,
8471,Train,imdb,What are the movies related to nuclear weapons,"SELECT t3.title FROM tags AS t2 JOIN keyword AS t1 ON t2.kid  =  t1.id JOIN movie AS t3 ON t2.msid  =  t3.mid WHERE t1.keyword  =  ""nuclear weapons"";",,PARTIALLY_CORRECT,Mixed (->PARTIALLY_CORRECT),,May return duplicate movie titles if multiple tag rows exist for the same movie-keyword; add DISTINCT to ensure unique titles.,,
8625,Train,restaurants,where can i eat some good french food in the yosemite and mono lake area ?,"SELECT t3.house_number  ,  t1.name FROM restaurant AS t1 JOIN geographic AS t2 ON t1.city_name  =  t2.city_name JOIN LOCATION AS t3 ON t1.id  =  t3.restaurant_id WHERE t2.region  =  ""yosemite and mono lake area"" AND t1.food_type  =  ""french"" AND t1.rating  >  2.5;",,PARTIALLY_CORRECT,Mixed (->PARTIALLY_CORRECT),,"Uses rating > 2.5 to interpret “good,” but threshold is arbitrary and undefined. Also returns only house_number with name, providing incomplete location for “where” intent.",,
8633,Train,restaurants,where are some good arabics in mountain view ?,"SELECT t2.house_number  ,  t1.name FROM restaurant AS t1 JOIN LOCATION AS t2 ON t1.id  =  t2.restaurant_id WHERE t2.city_name  =  ""mountain view"" AND t1.food_type  =  ""arabic"" AND t1.rating  >  2.5;",,PARTIALLY_CORRECT,Mixed (->PARTIALLY_CORRECT),,"Returns only house_number and name; ‘where’ implies fuller address (e.g., include street_name). Also uses an arbitrary rating > 2.5 to define ‘good’, which may not match intent.",,
